,keyword,image,prompt
0,cyberpunk,https://lexica-serve-encoded-images.sharif.workers.dev/md/02f3c30c-b701-4b28-90cf-87aca835135a,"detailed portrait Neon Operator Girl, cyberpunk futuristic neon, reflective puffy coat, decorated with traditional Japanese ornaments by Ismail inceoglu dragan bibin hans thoma greg rutkowski Alexandros Pyromallis Nekro Rene Maritte Illustrated, Perfect face, fine details, realistic shaded, fine-face, pretty face"
1,cyberpunk,https://lexica-serve-encoded-images.sharif.workers.dev/md/056a3334-f3bf-470d-9a08-e90f83248ab7,"detailed portrait of cyberpunk computer scientist who served as systems engineer dancer on the neo Tokyo streets of the Mecha Empire city during the Festival of Masks, futuristic neon, reflective puffy coat, decorated with traditional Japanese ornaments by Ismail inceoglu dragan bibin hans thoma greg rutkowski Alexandros Pyromallis Nekro Rene Maritte Illustrated, Perfect face, fine details, realistic shaded, fine-face, pretty face"
2,cyberpunk,https://lexica-serve-encoded-images.sharif.workers.dev/md/06459c35-940b-41f1-b2b3-e40ebcc61d17,"cyberpunk huntress. this pastel painting by the award - winning children's book author has interesting color contrasts, plenty of details and impeccable lighting. "
3,cyberpunk,https://lexica-serve-encoded-images.sharif.workers.dev/md/103b959f-56b3-4116-a783-1989729537ae,"a beautiful portrait painting of a cyberpunk girl by pascal blanche and sachin teng and sam yang and greg rutkowski, in style of colorful comic. symmetry, hyper detailed. octanev render. trending on artstation "
4,cyberpunk,https://lexica-serve-encoded-images.sharif.workers.dev/md/116715da-6d09-49e7-b344-8037eba24cb7,"cyberpunk princess. this watercolor painting by the beloved children's book author has interesting color contrasts, plenty of details and impeccable lighting. "
5,cyberpunk,https://lexica-serve-encoded-images.sharif.workers.dev/md/2b805878-9b5c-4337-b358-3fc3083c2fb8,beautiful furry art portrait commission of a androgynous furry anthro wolf fursona both wearing punk clothes in the streets of a cyberpunk city. neon signs. 
6,cyberpunk,https://lexica-serve-encoded-images.sharif.workers.dev/md/2e520ff4-b094-4cd8-a08a-a8c47866939b,"cyberpunk man shopping at a neon soaked grocery store, science fiction painting, elegant intricate digital painting artstation, art by masamune shirow, detailed "
7,cyberpunk,https://lexica-serve-encoded-images.sharif.workers.dev/md/3091a68d-ee9e-48ce-bce5-3140524b63f8,cyberpunk winter 
8,cyberpunk,https://lexica-serve-encoded-images.sharif.workers.dev/md/30a0156d-3773-4fcd-88fa-4839228fda1f,"cyberpunk character in abstract neon tokyo composition, dark and mysterious, very detailed, very realistic "
9,cyberpunk,https://lexica-serve-encoded-images.sharif.workers.dev/md/344ff400-a9d1-4d39-ad38-4811e575f197,"cyborg feeding electric pigeons in front of a neon church, cyberpunk, neon noir, by Josan Gonzalez  and Tomer Hanuka and Geof Darrow and Brad Rigney and  Greg Rutkowski and Moebius, Ghost in the shell, Blade Runner,  highly detailed, James Dean as a cyborg, UHD, 8K, wet street, Trending on artstation, bokh, dof"
10,cyberpunk,https://lexica-serve-encoded-images.sharif.workers.dev/md/35b49051-bf7e-485d-91cd-0dd1dd615b25,"highly detailed portrait of a cyberpunk hacker in front of a futuristic bangkok skyline and a buddhist temple by wadim kashin, dark colors, high contrast "
11,cyberpunk,https://lexica-serve-encoded-images.sharif.workers.dev/md/3723419e-6678-4dda-8432-3d2b27d5861a,"a portrait of a cyberpunk netrunner, very very coherent painting, street level neo-Tokyo, in the style of Gustave Doré, 4k, 8k, HD, trending on artstation"
12,cyberpunk,https://lexica-serve-encoded-images.sharif.workers.dev/md/3723d709-5a0f-4e9d-8a53-3cec94685b89,"detailed full body side profile portrait Neon Operator Girl, cyberpunk futuristic neon, reflective puffy coat, decorated with traditional Japanese ornaments, standing on skyscraper by Ismail inceoglu dragan bibin hans thoma greg rutkowski Alexandros Pyromallis Nekro Rene Maritte Illustrated, Perfect face, fine details, realistic shaded, fine-face, pretty face"
13,cyberpunk,https://lexica-serve-encoded-images.sharif.workers.dev/md/39731ed3-dd9b-43ee-81fe-38707f225ee2,"A solarpunk very highly detailed  Anthropomorphic cybertronic penguin wearing sport suit with very highly detailed face on the street of a very highly detailed solarpunk city digital vibrant art by Greg Rutkowski, sci-fi highly detailed, digital concept art, Volumetric natural light, sharp focus, Golden Ratio illustration, realistic concept art by Stephen Hickman and James Gurney and Hiromasa Ogura Ghost in the Shell rendered in VRAY, From the distance "
14,cyberpunk,https://lexica-serve-encoded-images.sharif.workers.dev/md/471eb23d-2f3c-44b7-83b4-98c86cb4baa8,"a colorful comic noir illustration painting of a cyberpunk girl by sam yang!! and artgerm!! and lois van baarle and ross tran!!. in style of digital art, symmetry, sci fi, hyper detailed. octane render. trending on artstation "
15,cyberpunk,https://lexica-serve-encoded-images.sharif.workers.dev/md/47423ef9-fee5-4d39-b65f-3afa3ba67b8f,"a cyberpunk 2077 srcreenshot couple portrait of Keanu Reeves and a female android final kissed in night city,love,film lighting,by Lawrence Alma-Tadema,Andrei Riabovitchev,Laurie Greasley,Dan Mumford,John Wick,Speed,Replicas,artstation,deviantart,FAN ART,full of color,Digital painting,face enhance,highly detailed,8K,octane,golden ratio,cinematic lighting"
16,cyberpunk,https://lexica-serve-encoded-images.sharif.workers.dev/md/52b3c535-d603-4bdb-a956-d6f5650c3df3,"detailed portrait neon guard man with short brown hair seen from the back, cyberpunk futuristic, reflective puffer jacket, black leggings, decorated with traditional ornaments in front of a dystopian crowd with piles of garbage perfect face, fine details, realistic shaded, fine - face, pretty face by rossdraws "
17,cyberpunk,https://lexica-serve-encoded-images.sharif.workers.dev/md/57093fc1-278f-4c27-880c-ba311051a5c7,"detailed portrait of cyberpunk computer scientist who served as systems engineer dancer on the neo Tokyo streets of the Mecha Empire city during the Festival of Masks, futuristic neon, reflective puffy coat, decorated with traditional Japanese ornaments by Ismail inceoglu dragan bibin hans thoma greg rutkowski Alexandros Pyromallis Nekro Rene Maritte Illustrated, Perfect face, fine details, realistic shaded, fine-face, pretty face"
18,cyberpunk,https://lexica-serve-encoded-images.sharif.workers.dev/md/58ef54d3-481d-48ef-904a-91db69fdea4c,"portrait futuristic beautiful cyberpunk female police, in heavy rainning futuristic tokyo rooftop cyberpunk night, ssci-fi, fantasy, intricate, very very beautiful, elegant, neon light, highly detailed, digital painting, artstation, concept art, soft light, hdri, smooth, sharp focus, illustration, art by tian zi and craig mullins and WLOP and alphonse mucha"
19,cyberpunk,https://lexica-serve-encoded-images.sharif.workers.dev/md/59318255-498d-4766-9aaf-aa5c284c2ee6,"zendaya crushing it as a cyberpunk hero standing on the rooftop of cybertown, art poster, full body, t - pose, character design, ambient lighting, 4 k, lois van baarle, ilya kuvshinov, rossdraws, alphonse mucha, jung gi kim, dylan kowalsk, artstation "
20,cyberpunk,https://lexica-serve-encoded-images.sharif.workers.dev/md/5b6e7a70-672d-4432-8b95-8c28a7af966d,"detailed full body portrait Neon Operator Girl, cyberpunk futuristic neon, reflective puffy coat, decorated with traditional Japanese ornaments by Ismail inceoglu dragan bibin hans thoma greg rutkowski Alexandros Pyromallis Nekro Rene Maritte Illustrated, Perfect face, fine details, realistic shaded, fine-face, pretty face"
21,cyberpunk,https://lexica-serve-encoded-images.sharif.workers.dev/md/6981d897-76c2-4843-9b66-92b8d5c19cc1,"detailed portrait Neon Operator Girl cyberpunk futuristic neon Reflective puffy coat, decorated with traditional japanese ornaments by ismail inceoglu dragan bibin hans thoma greg rutkowski Alexandros Pyromallis Nekro Rene Margitte illustrated Perfect face, fine details, realistic shaded, fine-face, pretty face"
22,cyberpunk,https://lexica-serve-encoded-images.sharif.workers.dev/md/6af57413-80da-48b3-b2ea-12cb4577c591,"cyberpunk wednesday addams, sharp focus, james gilleard, cinematic, game art, extremely detailed digital painting, print "
23,cyberpunk,https://lexica-serve-encoded-images.sharif.workers.dev/md/738b80e9-a2bb-48b9-99e1-ad07c0e6e79c,"Male cyborg, battle-damaged, wearing a school uniform, standing on neon-lit street corner”, full body shot, cyberpunk, Digital art, detailed, anime, vibrant colors, artist Katsuhiro Otomo"
24,cyberpunk,https://lexica-serve-encoded-images.sharif.workers.dev/md/7f1cd38b-196c-4c13-a3e3-7d5450f84ab5,"detailed portrait Quest Love Neon Operator, cyberpunk futuristic neon, reflective puffy coat, decorated with traditional Japanese ornaments by Ismail inceoglu dragan bibin hans thoma !dream detailed portrait Neon Operator Girl, cyberpunk futuristic neon, reflective puffy coat, decorated with traditional Japanese ornaments by Ismail inceoglu dragan bibin hans thoma greg rutkowski Alexandros Pyromallis Nekro Rene Maritte Illustrated, Perfect face, fine details, realistic shaded, fine-face, pretty face"
25,cyberpunk,https://lexica-serve-encoded-images.sharif.workers.dev/md/859306bb-7414-47b1-9a8a-f568f23c3f68,"a painting of cyberpunk tokyo ultra realistic, colour, concept art, intricate details, night, thunder, raining, eerie, highly detailed, dark fantasy, photorealistic, octane render, 8 k, unreal engine 5. art by artgerm and greg rutkowski and alphonse mucha "
26,cyberpunk,https://lexica-serve-encoded-images.sharif.workers.dev/md/86b78865-b65a-413a-915c-e0e4bc8ea2b5,"stunning futuristic superb cyberpunk young female Samurai wearing samurai armor hybrid with military tactical vest, armor has neon circuitry, long white hair, windswept hair, sci-fi in futuristic stormy heavy rain thunder flashing tokyo rooftop cyberpunk night, sci-fi,fantasy, intricate, very very beautiful, elegant, neon light, highly detailed, digital painting, artstation, hyper realism, concept art, soft light, hdri, smooth, sharp focus, illustration, art by tian zi and craig mullins and WLOP and alphonse mucha"
27,cyberpunk,https://lexica-serve-encoded-images.sharif.workers.dev/md/8bae1d93-88ba-4882-a3a9-8c92bd4c782f,"cyberpunk pinup, sweat drops, neon hubs, 80s aesthetics, insane, intricate, highly detailed, digital painting, artstation, concept art, smooth, sharp focus, illustration, Unreal Engine 5, 8K, art by artgerm and greg rutkowski and alphonse mucha"
28,cyberpunk,https://lexica-serve-encoded-images.sharif.workers.dev/md/96324967-f37b-40e3-bc14-301387c4dce7,"portrait anime visual futuristic female cyber police, on cyberpunk neon light tokyo rooftop, ssci - fi and fantasy, intricate and very beautiful, human structure, concept art, sharp focus, anime by simon stalenhag, rossdraws and magali villeneuve and liya nikorov and luxearte, frostine engine "
29,cyberpunk,https://lexica-serve-encoded-images.sharif.workers.dev/md/995aadf0-4fbd-4c7d-a4c5-0e0462d48d8c,"detailed portrait Quest Love Neon Operator, cyberpunk futuristic neon, reflective puffy coat, decorated with traditional Japanese ornaments by Ismail inceoglu dragan bibin hans thoma !dream detailed portrait Neon Operator Girl, cyberpunk futuristic neon, reflective puffy coat, decorated with traditional Japanese ornaments by Ismail inceoglu dragan bibin hans thoma greg rutkowski Alexandros Pyromallis Nekro Rene Maritte Illustrated, Perfect face, fine details, realistic shaded, fine-face, pretty face"
30,cyberpunk,https://lexica-serve-encoded-images.sharif.workers.dev/md/9bc17bf2-7ad0-4a28-8613-1668dacb1938,"epic card scans, cyberpunk style highly detailed, digital art, "
31,cyberpunk,https://lexica-serve-encoded-images.sharif.workers.dev/md/9d2e5245-f1d6-4905-a59b-8e4b0855ff06,"detailed portrait Neon guard girl with short dark hair seen from the back, cyberpunk futuristic, reflective puffer jacket, black leggings, decorated with traditional ornaments in front of a dystopian crowd with piles of garbage by Ismail inceoglu dragan bibin hans thoma, Perfect face, fine details, realistic shaded, fine-face, pretty face"
32,cyberpunk,https://lexica-serve-encoded-images.sharif.workers.dev/md/a2665702-98dc-4444-a6de-6f2bfca6a39c,"cyberpunk pinup, sweat drops, neon hubs, 80s aesthetics, insane, intricate, highly detailed, digital painting, artstation, concept art, smooth, sharp focus, illustration, Unreal Engine 5, 8K, art by artgerm and greg rutkowski and alphonse mucha"
33,cyberpunk,https://lexica-serve-encoded-images.sharif.workers.dev/md/a43e575d-b58e-4c50-8ede-b037d778e1a7,Beautiful Photo of Arduino Uno in the man robot's head. Cyberpunk. splatterpunk. 4K
34,cyberpunk,https://lexica-serve-encoded-images.sharif.workers.dev/md/b668af89-6e1d-4dce-a0a0-c3dc04bc0f2f,"a colorful comic noir illustration painting of a cyberpunk girl by sam yang!! and artgerm!! and lois van baarle and ross tran!!. in style of digital art, symmetry, sci fi, hyper detailed. octane render. trending on artstation "
35,cyberpunk,https://lexica-serve-encoded-images.sharif.workers.dev/md/b6a27577-9631-4f4d-a1fc-60b7e1025a6f,"portrait futuristic beautiful cyberpunk female police, in heavy rainning futuristic tokyo rooftop cyberpunk night, ssci-fi, fantasy, intricate, very very beautiful, elegant, neon light, highly detailed, digital painting, artstation, concept art, soft light, hdri, smooth, sharp focus, illustration, art by tian zi and craig mullins and WLOP and alphonse mucha"
36,cyberpunk,https://lexica-serve-encoded-images.sharif.workers.dev/md/bd1500ea-0bd2-4f69-b299-63a32fcb8a31,"portrait futuristic genuine cyberpunk young female Witch Doctor, in futuristic stormy heavy snowy thunder tokyo rooftop Enchantment cyberpunk night, ssci-fi, fantasy, intricate, very very beautiful, elegant, neon light, highly detailed, digital painting, artstation, concept art, soft light, hdri, smooth, sharp focus, illustration, art by tian zi and craig mullins and WLOP and alphonse mucha"
37,cyberpunk,https://lexica-serve-encoded-images.sharif.workers.dev/md/c204f15c-ffb6-46e7-8b05-cdb80b8cf6a1,"detailed portrait Neon Operator Girl cyberpunk futuristic neon Reflective puffy coat, decorated with traditional japanese ornaments by ismail inceoglu dragan bibin hans thoma greg rutkowski Alexandros Pyromallis Nekro Rene Margitte illustrated Perfect face, fine details, realistic shaded, fine-face, pretty face"
38,cyberpunk,https://lexica-serve-encoded-images.sharif.workers.dev/md/c295fae1-dd92-4e40-a8ee-c28732e885fe,"detailed full body Blade Runner, cyberpunk futuristic neon, reflective coat, decorated with traditional Japanese ornaments by Ismail inceoglu dragan bibin hans thoma greg rutkowski Alexandros Pyromallis Nekro Rene Maritte Illustrated, fine details, realistic shaded, fine-face, pretty face"
39,cyberpunk,https://lexica-serve-encoded-images.sharif.workers.dev/md/c5717b37-6cf7-4db5-b424-431c983cbf1c,"detailed full body Blade Runner, cyberpunk futuristic neon, reflective coat, decorated with traditional Japanese ornaments by Ismail inceoglu dragan bibin hans thoma greg rutkowski Alexandros Pyromallis Nekro Rene Maritte Illustrated, fine details, realistic shaded, fine-face, pretty face"
40,cyberpunk,https://lexica-serve-encoded-images.sharif.workers.dev/md/c5f95011-7ee2-4362-bb90-534f58cfaf12,"cyborg male, bladed arms, chest cannon, neon streets, cyberpunk vibe, concept art, highly detailed, artstation, trending, feng zhu, shaddy safadi, noah bradley, tyler edlin, jordan grimmer, darek zabrocki, neil blevins, tuomas korpi "
41,cyberpunk,https://lexica-serve-encoded-images.sharif.workers.dev/md/d34b14cb-879a-40f9-9172-c0ff06b7f130,"teenagers of the future in Singapore 3000, cyberpunk, close-up portrait, hyper realistic, volumetric lighting, scenery, digital painting, highly detailed, artstation, neon"
42,cyberpunk,https://lexica-serve-encoded-images.sharif.workers.dev/md/d6b9e179-9e2c-4666-a3b3-afcb46936be4,"cyberpunk dreamscapes,"
43,cyberpunk,https://lexica-serve-encoded-images.sharif.workers.dev/md/df97e6d4-8583-4729-86a9-79b1b975440c,"detailed Amber Heard crouching on top of messed up bed, volumetric lightning, cyberpunk futuristic neon, decorated with traditional Japanese ornaments by Ismail inceoglu dragan bibin hans thoma !dream detailed portrait Neon Operator Girl, cyberpunk futuristic neon, reflective puffy coat, decorated with traditional Japanese ornaments by Ismail inceoglu dragan bibin hans thoma greg rutkowski Alexandros Pyromallis Nekro Rene Maritte Illustrated, Perfect face, fine details, realistic shaded, fine-face, pretty face"
44,cyberpunk,https://lexica-serve-encoded-images.sharif.workers.dev/md/e1846bd4-643e-48d9-b913-74a317796aac,"etailed portrait virgul, neon operator, cyberpunk futuristic neon, reflective puffy coat, decorated with traditional chinese ornaments by ismail inceoglu dragan bibin hans thoma greg rutkowski alexandros pyromallis nekro rene maritte illustrated, perfect face, fine details, realistic shaded, fine - face, pretty face "
45,cyberpunk,https://lexica-serve-encoded-images.sharif.workers.dev/md/e2a576ae-f50b-479b-8add-d5503f917270,"portrait futuristic nefarious cyberpunk young female Necromancer, in futuristic rainny thunder flashing tokyo rooftop cyberpunk night, ssci-fi, fantasy, intricate, very very beautiful, elegant, neon light, highly detailed, digital painting, artstation, concept art, soft light, hdri, smooth, sharp focus, illustration, art by tian zi and craig mullins and WLOP and alphonse mucha"
46,cyberpunk,https://lexica-serve-encoded-images.sharif.workers.dev/md/ea218c77-d6f5-4288-a1f6-d9f4ab8e31b8,"a whirlwind inside the metaverse, guy, male, man, hologram, half body, neurochip, android, cyborg, cyberpunk face, by loish, d & d, fantasy, intricate, elegant, highly detailed, colorful, digital painting, artstation, concept art, art by artgerm and greg rutkowski and alphonse mucha "
47,cyberpunk,https://lexica-serve-encoded-images.sharif.workers.dev/md/fa3f13ac-f88d-4166-8d05-8b19ef9e8546,"neon operator margot robbie, cyberpunk futuristic neon, reflective puffy coat, decorated with traditional japanese ornaments by ismail inceoglu dragan bibin hans thoma greg rutkowski alexandros pyromallis nekro rene maritte illustrated, perfect face, fine details, realistic shaded, fine - face, pretty face "
48,cyberpunk,https://lexica-serve-encoded-images.sharif.workers.dev/md/fad84ddc-b917-40eb-b2ca-bfa2b7f5d309,"high detailed cyberpunk women, city, neon lights, glow, sunset, atmospheric, cinematic,  retrowave style,"
49,cyberpunk,https://lexica-serve-encoded-images.sharif.workers.dev/md/fb3bece8-6f53-4f05-a68c-55c7c675f61d,"an emotional concept painting of a cyberpunk android dancing in the moonlight, neon signs, empty city, large detailed moon, concept painting by Raymond Swanland and Ruan Jia and Greg Rutkowski"
50,photorealistic,https://lexica-serve-encoded-images.sharif.workers.dev/md/02bcc241-b4bf-437a-9d25-d3d94a316a22,"hyperrealistic mixed media image of Matt Damon bald head disguised as !!!!foreskin!!!!, stunning 3d render inspired art by István Sándorfi and Greg Rutkowski, perfect facial symmetry, realistic, highly detailed attributes and atmosphere, dim volumetric cinematic lighting, 8k octane extremely hyper-detailed render, post-processing, masterpiece,"
51,photorealistic,https://lexica-serve-encoded-images.sharif.workers.dev/md/04b2e32b-2167-46d4-a01a-3a278123b803,"portrait of a cute thin young woman, bronze brown hair, eye color is emerald green, red blush, cute freckles, smug smile, modern clothes, relaxing on the beach, golden hour, close up shot, 8 k, art by irakli nadar, hyperrealism, hyperdetailed, ultra realistic "
52,photorealistic,https://lexica-serve-encoded-images.sharif.workers.dev/md/06accbbd-477b-4f0a-835e-b6c38a79559b,"close up of a young woman with two heads, hyperdetailed, artstation, cgsociety, 8k"
53,photorealistic,https://lexica-serve-encoded-images.sharif.workers.dev/md/08dd1dca-5fb7-492f-b03f-5f24382e0545,"monumental sculpture geometric minimalist!!! portrait of chris hemsworth, beautiful symmetrical!! face accurate face detailed face realistic proportions, hand - carved out of red oak wood on a pedestal by stephan balkenhol and martin puryear, cinematic lighting shocking detail 8 k "
54,photorealistic,https://lexica-serve-encoded-images.sharif.workers.dev/md/0da27e46-de8b-4932-bf99-a8586398cc8d,"digital art painting of a young boy with thinking face expression painted by craig mullins and gaston bussiere and greg rutkowski, symmetrical facial features, symmetrical face, defined facial features, dramatic lighting, close up "
55,photorealistic,https://lexica-serve-encoded-images.sharif.workers.dev/md/1aa26d90-6089-415b-8cad-8ff4183a355e,"short curly blonde haired girl, green eyes, highly detailed, beautiful portrait by Aykut Aydogdu, hopare"
56,photorealistic,https://lexica-serve-encoded-images.sharif.workers.dev/md/1f409761-31d3-4f3a-b3cf-f2a895934ad5,"Selfie!!!!! of a man, first person view, fisheye lens, photorealistic image, trending on artstation, 4k, 8k"
57,photorealistic,https://lexica-serve-encoded-images.sharif.workers.dev/md/1ffb5a86-6173-46ef-9fe6-92ef6fa35d9a,"ultra realistic style illustration of a cute red haired young woman smiling, 1 9 year old, headshot, sci - fi, fantasy, intricate, elegant, digital painting, artstation, concept art, smooth, sharp focus, illustration, 8 k frostbite 3 engine, ultra detailed, art by artgerm and greg rutkowski and magali villeneuve "
58,photorealistic,https://lexica-serve-encoded-images.sharif.workers.dev/md/20b5ee5e-2f36-4f8d-b46b-b0530e32ee67,"digital art painting of a young boy with thinking and surprised face expression painted by craig mullins and gaston bussiere and greg rutkowski, symmetrical facial features, symmetrical face, defined facial features, dramatic lighting, close up "
59,photorealistic,https://lexica-serve-encoded-images.sharif.workers.dev/md/296c9d96-5e9e-49e4-91bd-e305dc856cd8,"a game art portrait of a very very very very very beautiful female by Timothy Lamb, hyperrealism, very detailed, Vray, Rembrandt lighting, artstation, Deviantart, fantasy art, rpg portrait"
60,photorealistic,https://lexica-serve-encoded-images.sharif.workers.dev/md/2f7f6f09-f430-4199-af73-0258ecf26ef2,"hyperrealistic image of info wars alex jones as ( ace ventura ), stunning 3 d render, inspired by istvan sandorfi & greg rutkowski & unreal engine, full body shot, perfect symmetry, dim volumetric cinematic lighting, 8 k octane comprehensive render, extremely hyper - detailed, incredibly lifelike attributes, intricate, real flesh texture, masterpiece, artstation, stunning, "
61,photorealistic,https://lexica-serve-encoded-images.sharif.workers.dev/md/3d4f4462-055a-4291-8c6f-2cf619c21359,"hyperrealistic mixed media image of a ( info wars alex jones ) face is bullfrog, stunning 3 d render inspired art by greg rutkowski and xiang duan and thomas eakes, perfect symmetry, toad flesh texture, realistic, highly detailed attributes and atmosphere, dim volumetric cinematic lighting, 8 k octane detailed render, post - processing, masterpiece, "
62,photorealistic,https://lexica-serve-encoded-images.sharif.workers.dev/md/404b86e5-f97c-4c54-9c6d-ca2e5b64eae1,"hyperrealistic dslr film still of justin beiber with 2 giant front teeth, stunning 8 k octane comprehensive 3 d render, inspired by istvan sandorfi & greg rutkowski & unreal engine, perfect symmetry, dim volumetric cinematic lighting, extremely hyper - detailed, incredibly real lifelike attributes & flesh texture, intricate, masterpiece, artstation "
63,photorealistic,https://lexica-serve-encoded-images.sharif.workers.dev/md/484e18b4-99e6-441a-9ff3-2524860540b2,"a cursed human, hyper realistic, "
64,photorealistic,https://lexica-serve-encoded-images.sharif.workers.dev/md/5257c5df-1d92-4881-860b-b77f90a7c3c5,"a portrait of ninoy aquino, hyperrealistic, rtx, studio lighting, ray tracing, global illumination, highly detailed, octane render, rendered in unreal engine 5, studio quality, shot through a canon ef 7 0 - 3 0 0 mm f / 4 - 5. 6 "
65,photorealistic,https://lexica-serve-encoded-images.sharif.workers.dev/md/573cebe2-5efb-4227-807c-51d5df365039,"portrait of a stunningly beautiful traditional female in soft light, depth of field, zeiss lens, detailed, symmetrical, centered, fashion photoshoot, by annie leibovitz and steve mccurry, david lazar, jimmy nelsson, breathtaking, 8 k resolution, extremely detailed, beautiful, establishing shot, artistic, hyperrealistic, beautiful face, octane render "
66,photorealistic,https://lexica-serve-encoded-images.sharif.workers.dev/md/58f0d34d-c47f-4b84-8717-6d9c099aff7d,"a realistic human face by seb mckinnon, cgsociety, unreal engine "
67,photorealistic,https://lexica-serve-encoded-images.sharif.workers.dev/md/5e8c1a9c-f897-49ea-ad35-c7ae799f68f8,"hyperrealistic mixed media image of info wars alex jones crying in gta v, stunning 3 d render inspired art by xiang duan and thomas eakes and greg rutkowski, perfect facial symmetry, hyper realistic texture, realistic, highly detailed attributes and atmosphere, dim volumetric cinematic lighting, 8 k octane detailed render, post - processing, masterpiece, "
68,photorealistic,https://lexica-serve-encoded-images.sharif.workers.dev/md/623ee34b-60f8-4bc4-82e5-117fe6b01171,"portrait of a welsh teenage girl with brown hair, dark brown eyes, glowing skin, delicate features, quiet beauty, amelie poulain, young Mary Louise Parker, fantasy, intricate, elegant, dress shirt, highly detailed, digital painting, artstation, concept art, smooth, sharp focus, illustration, art by Krenz Cushart and Artem Demura and alphonse mucha"
69,photorealistic,https://lexica-serve-encoded-images.sharif.workers.dev/md/65b7cc99-6b34-46d3-b3cb-22693e46bc17,"hyperrealistic dslr film still of justin beiber, stunning 8 k octane comprehensive 3 d render, inspired by istvan sandorfi & greg rutkowski & unreal engine, perfect symmetry, exaggeratedly large teeth, dim volumetric cinematic lighting, extremely hyper - detailed, incredibly real lifelike attributes & flesh texture, intricate, masterpiece, artstation "
70,photorealistic,https://lexica-serve-encoded-images.sharif.workers.dev/md/6a2fff2f-d7f4-4fb0-bd92-d01ada5f4fd0,"symmetry!! portrait of a woman with short curly hair, round face, cottagecore!!, nature, intricate, elegant, highly detailed, digital painting, artstation, concept art, smooth, sharp focus, illustration, art by artgerm and greg rutkowski and alphonse mucha "
71,photorealistic,https://lexica-serve-encoded-images.sharif.workers.dev/md/6cf6b3bb-0de7-4467-9b61-ad23da797d5c,"A portrait of a woman, illustration by Eric-Anthony Johnson, trending on artstation, 4k, 8k, HD"
72,photorealistic,https://lexica-serve-encoded-images.sharif.workers.dev/md/743a1929-b887-4202-a7ea-d022478dd594,"a realistic portrait of a man with catlike nose, artstation artist "
73,photorealistic,https://lexica-serve-encoded-images.sharif.workers.dev/md/782ecb8b-a29d-4c52-97a9-cf1618d55236,"a perfect porcelain bust of  handsome young Spanish man with pipe cleaners coming out of the neck, 3D cinematic lighting, 90 degree spotlighting, photorealism, octane render, depth of field, 8k, 35mm, artgem, Trending on artstation"
74,photorealistic,https://lexica-serve-encoded-images.sharif.workers.dev/md/7d9bebe4-43b0-4200-9aa9-ea225746d38f,"anime portrait of bald nicolas cage neutral expression face straight on headshot even lighting no hair by stanley artgerm lau, wlop, rossdraws, james jean, andrei riabovitchev, marc simonetti, and sakimichan, trending on artstation "
75,photorealistic,https://lexica-serve-encoded-images.sharif.workers.dev/md/83d003cc-6323-4eb6-ac29-abfe84267b02,"david brody and skeery jones the brooklyn boys real life, 8 k, 4 k uhd, realistic, hyper realistic, super detailed, very detailed, detailed "
76,photorealistic,https://lexica-serve-encoded-images.sharif.workers.dev/md/896fc2f7-5691-4ae1-b648-ef1222afc45f,"edp 4 4 5, photorealistic, "
77,photorealistic,https://lexica-serve-encoded-images.sharif.workers.dev/md/8c0f1343-62c9-4fea-8d7a-3836177af46b,portrait tutorial on youtube 
78,photorealistic,https://lexica-serve-encoded-images.sharif.workers.dev/md/8d6d6559-f1e3-4410-80cd-38bf7650cd6c,"kose irani ,hyper detailed, realisticdigital art,trending on Artstation"
79,photorealistic,https://lexica-serve-encoded-images.sharif.workers.dev/md/8e14f817-a1ac-4116-8ee4-f1155b9bb4b1,"a female looking directly while her left eye is closed and the other is open, naturel, hyper detailed, digital art, trending in artstation, cinematic lighting, studio quality, smooth render, unreal engine 5 rendered, octane rendered, art style by klimt and nixeu and ian sprigger and wlop and krenz cushart "
80,photorealistic,https://lexica-serve-encoded-images.sharif.workers.dev/md/938da6e5-f620-467e-ac12-4c831b596667,a lemon sculpted in the shape of Dwayne Johnson's head
81,photorealistic,https://lexica-serve-encoded-images.sharif.workers.dev/md/990ac2bc-75eb-44fa-b99c-ad19bfcac19e,"a portrait of Claus Iohanis, volumetric lighting, made by Stanley Artgerm Lau, WLOP, Rossdraws, ArtStation, CGSociety, concept art, cgsociety, octane render, trending on artstation, artstationHD, artstationHQ, unreal engine, 4k, 8k,"
82,photorealistic,https://lexica-serve-encoded-images.sharif.workers.dev/md/a3d2917c-0b5a-4787-b0fb-8e9ba6ada217,"youtuber derek from moreplatesmoredates very muscular in real life, 8 k, 4 k uhd, realistic, hyper realistic, super detailed, very detailed, detailed "
83,photorealistic,https://lexica-serve-encoded-images.sharif.workers.dev/md/ae2caada-1a96-4011-846c-c9c3fdd57995,"hyperrealistic mixed media image of info wars alex jones with ( ( bullfrog mask ) ), stunning 3 d render inspired art by xiang duan and thomas eakes and greg rutkowski, perfect facial symmetry, hyper realistic texture, realistic, highly detailed attributes and atmosphere, dim volumetric cinematic lighting, 8 k octane detailed render, post - processing, masterpiece, "
84,photorealistic,https://lexica-serve-encoded-images.sharif.workers.dev/md/ae6a5725-76b3-4cf0-bd85-14eed3cac003,"hyperrealistic mixed media image of info wars alex jones with ( bullfrog face ), stunning 3 d render inspired art by xiang duan and thomas eakes and greg rutkowski, perfect facial symmetry, hyper realistic attributes and atmosphere, dim volumetric cinematic lighting, 8 k octane render, post - processing, masterpiece, "
85,photorealistic,https://lexica-serve-encoded-images.sharif.workers.dev/md/af7bf1c1-a90b-4280-bd67-1dfe628c4268,"Beautiful asian girl looking to the camera with serius face,artstation,trending, realistic n-9"
86,photorealistic,https://lexica-serve-encoded-images.sharif.workers.dev/md/b0fde923-4038-4974-8e3f-96407a9bae72,"Mena Suvari, hyperdetailed, artstation, cgsociety, 8k"
87,photorealistic,https://lexica-serve-encoded-images.sharif.workers.dev/md/b2557604-9bc8-439c-9b50-5a4cddd586e9,deadbug youtuber boys on the tracks true crime cartel clinton kill list hyperrealism photo - realistic photography 
88,photorealistic,https://lexica-serve-encoded-images.sharif.workers.dev/md/ba2590cc-8699-499c-9a95-c0e39ba8e1ce,"masterpiece. rendered in blender, ultra realistic, smooth shading, ultra detailed, high resolution, cinematic, unreal 6, perfect face, fine details, studio lighting, subtle shadows, art by katsuya terada, photorealism, hyper realism, octane render, hyper detailed, canon eos r 3, f / 1. 4, iso 2 0 0, 1 / 1 6 0 s, medium shot, 8 k, raw, unedited, in - frame,, - h 5 7 6 "
89,photorealistic,https://lexica-serve-encoded-images.sharif.workers.dev/md/bede005f-74d4-4755-bc2e-08661c54f9f7,"Drama King, photorealistic portrait, 8K, Cinematic lights"
90,photorealistic,https://lexica-serve-encoded-images.sharif.workers.dev/md/c0c8786a-ab31-4c1a-aece-c2c5e3659dc1,a random AI generated image that did not disappoint their human creators.
91,photorealistic,https://lexica-serve-encoded-images.sharif.workers.dev/md/ccb61f4e-dc2b-493a-bee6-c8480b85940a,"photo of an ugly young lady, realistic, 8 k "
92,photorealistic,https://lexica-serve-encoded-images.sharif.workers.dev/md/ced1d278-2bd3-4099-8ef3-07236820c33d,"up close portrait of a beautiful woman in black and white, photorealistic, pixie cut, intricate hair, rule of thirds, art by diego fazio and diegoKoi and oscar Ukono, concept art, sharp focus, artgerm, 8k highly detailed"
93,photorealistic,https://lexica-serve-encoded-images.sharif.workers.dev/md/d48b943a-deaf-4d68-9165-aa790dca2d88,"a colored colorized photograph portrait of jerma in the 2 0 0 0 s with a buzzcut and wearing a 2 0 0 0 s t - shirt, taken in the early - mid 2 0 0 0 s, grainy, taken on a 9 0 s kodak camera, realistic, hyperrealistic, very realistic, highly detailed, very detailed, extremely detailed, detailed, digital art, intricate details, real life, trending on artstation, body and head in view, body and headshot, colored photo, detailed face, very detailed face "
94,photorealistic,https://lexica-serve-encoded-images.sharif.workers.dev/md/dd287f82-9b1d-410c-91c8-f97c74cf08bb,"hyperrealistic mixed media image of info wars alex jones dumbfounded gta v, stunning 3 d render inspired art by xiang duan and thomas eakes and greg rutkowski, perfect facial symmetry, hyper realistic texture, realistic, highly detailed attributes and atmosphere, dim volumetric cinematic lighting, 8 k octane detailed render, post - processing, masterpiece, "
95,photorealistic,https://lexica-serve-encoded-images.sharif.workers.dev/md/e1336991-14c6-4b18-8b6e-966d2f5839f4,"a beautiful detailed portrait of natalie imbruglia age 2 3, by artgerm, high details "
96,photorealistic,https://lexica-serve-encoded-images.sharif.workers.dev/md/e46cd700-7961-4cb5-9456-a166c2586aab,"a portrait of cute Asian girl singing, short stylish hair in the style of DreamWorks animation, side view, low angle view, 16mm lens, award winning, hyper detailed, studio lighting, artstation, octane renderer, unreal engine"
97,photorealistic,https://lexica-serve-encoded-images.sharif.workers.dev/md/e560189c-1240-4095-9d79-08483c2c49c3,"gerardo gutierrez, selfie, mexican, ultra realistic, intricate details, highly detailed, photorealistic "
98,photorealistic,https://lexica-serve-encoded-images.sharif.workers.dev/md/edc3863a-e06d-4ce0-8cee-0d043c269d4a,unrealistic beauty standards
99,photorealistic,https://lexica-serve-encoded-images.sharif.workers.dev/md/f55b1f7d-b751-4074-ac40-83742d8fe15a,"portrait art of a very handsome Peruvian man, 8k ultra realistic, lens flare, atmosphere, glow, detailed,intricate, full of colour, cinematic lighting, trending on artstation, 4k, hyperrealistic, focused, extreme details,unreal engine 5, cinematic, masterpiece"
100,cottage core,https://lexica-serve-encoded-images.sharif.workers.dev/md/06a10cb1-839a-45f9-963c-107b81953045,"a british cottage in the scottish countryside, greg rutkowski, zabrocki, moebius, karlkka, jayison devadas, highly detailed, autumn sunlights, smoky atmosphere, ( ray of sunlight ), official fanart behance hd artstation by jesper ejsing, by rhads, makoto shinkai and lois van baarle, ilya kuvshinov, ossdraws, 8 k, ultra wide angle, zenith view, lens effect "
101,cottage core,https://lexica-serve-encoded-images.sharif.workers.dev/md/0830a6a2-3fcb-4603-b5af-4d90f67dffa1,"cottage in the woods, by richard schmid "
102,cottage core,https://lexica-serve-encoded-images.sharif.workers.dev/md/0b1c677a-cd55-4ec7-900b-a1711035d712,hereditary ( 2 0 1 8 ) in minecraft 
103,cottage core,https://lexica-serve-encoded-images.sharif.workers.dev/md/0c690831-c073-4ddb-8dbf-fb37d6b43aea,"colonial house on the shore of Lake Huron, felix Kelly, artstation, Matte painting"
104,cottage core,https://lexica-serve-encoded-images.sharif.workers.dev/md/1a7b94f1-4973-42df-9e28-d7051a7b10ce,"Log cabin interior on stormy night, warm fireplace, hdr, ue5, unreal engine 5, cinematic 4k wallpaper, ultra detailed, high resolution, artstation, award winning."
105,cottage core,https://lexica-serve-encoded-images.sharif.workers.dev/md/25c32914-61ad-482a-a66c-7285ac04c7a1,"beautiful house in big sur, details, sharp focus, illustration, by jordan grimmer and greg rutkowski, trending artstation, pixiv, digital art "
106,cottage core,https://lexica-serve-encoded-images.sharif.workers.dev/md/2a8e9ac1-0a37-493b-b564-b1825f60d3d0,"Stunning cottage, solar, lush, forest, beautiful, by Studio Ghibli and Greg Rutkowski, artstation"
107,cottage core,https://lexica-serve-encoded-images.sharif.workers.dev/md/2cac7cf9-046b-4c14-9fcf-6cb6ebfe1460,"isometric view, a lovely cottage, centered, plain background, cory loftis, james gilleard, atey ghailan, makoto shinkai, goro fujita, studio ghibli, lighting, clear focus, very coherent "
108,cottage core,https://lexica-serve-encoded-images.sharif.workers.dev/md/342e74e4-5657-4872-a664-29b8703f592c,"a watercolor and ink painting of a cottage, drawn on white parchment paper, vibe, atmosphere, detailed, muted colors, by greg rutowski and james gurney "
109,cottage core,https://lexica-serve-encoded-images.sharif.workers.dev/md/34761139-75e1-42d0-9254-a52260631e23,"of a beautiful Hyperrealistic log cabin with smoke from chimney in the middle of the forest, macro lens, highly detailed, digital painting, trending artstation, concept art, illustration, cinematic lighting, vibrant colors, photorealism, epic, octane render"
110,cottage core,https://lexica-serve-encoded-images.sharif.workers.dev/md/37e2efb2-070d-4224-a487-e31878fddb2e,"cottage in the woods, windy autumn day, peaceful environment, overgrown forest, classic wooden architecture, wooden fence, 3d render, unreal engine, trending on artstation, cgnation, by senior 3D artist, breath of the wild, ghibli style, uplifting"
111,cottage core,https://lexica-serve-encoded-images.sharif.workers.dev/md/395ecda6-1247-452c-bbc1-725757976a54,"A quaint cottage in an English village, merry england, oil on canvas, 4k, detailed, in the style of Richard Doyle"
112,cottage core,https://lexica-serve-encoded-images.sharif.workers.dev/md/3c318825-ffc5-4d19-8429-4b4f9f4491df,"single! flooded simple wooden ancient outpost, very coherent and colorful high contrast!! masterpiece by rene magritte simon stalenhag carl spitzweg syd mead norman rockwell edward hopper james gilleard, minimalist, dark shadows, sunny day, hard lighting "
113,cottage core,https://lexica-serve-encoded-images.sharif.workers.dev/md/3c7c8bce-86cc-4b50-b49e-90f6c92a6436,"of a beautiful scary Hyperrealistic stone cabin with smoke from chimney in the middle of a dark and creepy forest, macro lens, highly detailed, digital painting, trending artstation, concept art, illustration, cinematic lighting, vibrant colors, photorealism, epic, octane render"
114,cottage core,https://lexica-serve-encoded-images.sharif.workers.dev/md/3cbdef4b-081f-4f4c-a185-cf0a7463587e,"a cottage in the woods and pond in the woods, 8k, fantasy, hyper realistic, dramatic lighting"
115,cottage core,https://lexica-serve-encoded-images.sharif.workers.dev/md/48b78a3a-929c-4623-a1e6-faa3ad4979e5,"small stone cabin on a fantasy forest at night, artstation hq, photorealistic, hiperrealistic, sharp focus, 4 k uhd, cinematic shot, cinematic lightning, dark tones, high contrast, intricate, masterpiece, brian froud "
116,cottage core,https://lexica-serve-encoded-images.sharif.workers.dev/md/4a884ef2-693c-4350-a524-dc51948c8deb,"small robot cottage at the edge of a lake in the mountains, painterly painting by gurney and beeple, soft glowing windows, early evening, reflections, pine trees, detailed, outlined "
117,cottage core,https://lexica-serve-encoded-images.sharif.workers.dev/md/521dce8c-38e9-4360-a673-f0666e7e4041,"small robot cottage at the edge of a lake in the mountains, painterly painting by gurney and beeple, soft glowing windows, early evening, reflections, pine trees, detailed, outlined "
118,cottage core,https://lexica-serve-encoded-images.sharif.workers.dev/md/5686f819-0dee-4a04-a366-baf7c39512b6,"brother grimms fairytale lakehouse fox digital art, irina french, heraldo ortega, mandy jurgens trending on artstation 8 k 1 5 0 mpx "
119,cottage core,https://lexica-serve-encoded-images.sharif.workers.dev/md/573835bb-0482-459b-a2fb-900755117181,"a watercolor and ink painting of a cottage, drawn on white parchment paper, vibe, atmosphere, detailed, muted colors, by greg rutowski and james gurney "
120,cottage core,https://lexica-serve-encoded-images.sharif.workers.dev/md/5c6da14c-85ad-4b4c-b9e9-53d5f9fd3520,"A house, rendered in the flame engine"
121,cottage core,https://lexica-serve-encoded-images.sharif.workers.dev/md/5e47d8df-6c60-4563-a9f7-ee159e6304c0,"isometric view of a cozy cottage in the middle of a lake, isometric design, cory loftis, james gilleard, atey ghailan, makoto shinkai, goro fujita, studio ghibli, exquisite lighting, clear focus, very coherent, soft painting "
122,cottage core,https://lexica-serve-encoded-images.sharif.workers.dev/md/6b39acfe-0750-4a3e-9f73-ca8a03d0785a,"small stone cabin on a fantasy forest at night, artstation hq, photorealistic, hiperrealistic, sharp focus, 4 k uhd, unreal engine 5, cinematic shot, cinematic lightning, dark tones, high contrast, intricate, masterpiece, brian froud, rebecca guay "
123,cottage core,https://lexica-serve-encoded-images.sharif.workers.dev/md/7b3312c7-e3e5-42f8-9c38-e301db47ad7b,"medieval vampire village house, 3d model, miniature, iso, isometric view, gas lighting, stone and wood, dead tree, digital art, unreal engine"
124,cottage core,https://lexica-serve-encoded-images.sharif.workers.dev/md/7c275372-ab9f-4fe4-99eb-99f41f04181e,cottage in the woods on a cliff beside a lake relax style
125,cottage core,https://lexica-serve-encoded-images.sharif.workers.dev/md/89d9cc7b-8307-4976-9445-2e946597975b,"small wooden cottage by the river, a tree with vines wrapped around it, two crows on the tree, tranquility, arch stone bridge over the river, an old man riding a horse on the bridge, sunset, by charlie bowater, by greg rutkowski "
126,cottage core,https://lexica-serve-encoded-images.sharif.workers.dev/md/8a132b9c-6650-4019-be96-03020757c337,"atmospheric render of a small cabin next to a lake inside a dark underground cavern, minecraft rtx, 4 k "
127,cottage core,https://lexica-serve-encoded-images.sharif.workers.dev/md/8a8303bf-96ff-45fc-a10d-bc19d5bbfe0b,"Stunning cottage, solar, lush, forest, beautiful, by Studio Ghibli and Greg Rutkowski, artstation"
128,cottage core,https://lexica-serve-encoded-images.sharif.workers.dev/md/8c29f03c-e16d-462f-a0d1-aff13d70eb47,scottish blackhouse made of ivory - white pentelic marble. designed by renzo piano. fujinon premista 1 9 - 4 5 mm t 2. 9. portra 8 0 0. 
129,cottage core,https://lexica-serve-encoded-images.sharif.workers.dev/md/92336d07-c2b9-49aa-bf2a-18dce3f16999,house extreamly photorealistic 
130,cottage core,https://lexica-serve-encoded-images.sharif.workers.dev/md/933a61fc-c6f7-4b0b-88c6-069d0857155c,post - apocalyptic suburban house. isometric. 4 k photorealistic game asset. 
131,cottage core,https://lexica-serve-encoded-images.sharif.workers.dev/md/94129075-05d2-4ec4-b902-92302da673e8,house extreamly photorealistic 
132,cottage core,https://lexica-serve-encoded-images.sharif.workers.dev/md/9579624d-f057-4dde-bee1-d9deab60abfc,"the small elevated house in the forest, dark night, leaves in the air, mushrooms, animals, gibli, james gilleard, atey ghailan, lois van baarle, jesper ejsing, pop art patterns, exquisite lighting, clear focus, very coherent, plain background, very detailed, contrast, vibrant, digital painting "
133,cottage core,https://lexica-serve-encoded-images.sharif.workers.dev/md/a409c235-9f77-46da-9d43-c1eb395af7c5,"a close up of a single cottage in the woods and empty woods, 8k, fantasy, realistic, atmospheric lighting"
134,cottage core,https://lexica-serve-encoded-images.sharif.workers.dev/md/af0375ff-bb0f-4112-9ab3-bc948119e36f,"a typical european house with a slate roof, under the sea, scenic view, matte painting by christophe vacher and hubert robert, trending on artstation "
135,cottage core,https://lexica-serve-encoded-images.sharif.workers.dev/md/b1c9f0e8-b885-43f4-9a5d-e32b4c1afa35,cottage in the woods on a cliff beside a lake relax style
136,cottage core,https://lexica-serve-encoded-images.sharif.workers.dev/md/b7a525ca-bb4b-4c8f-a459-68650190f6f3,house in carpathian vernacular style. outdoor landscaping designed by frederick law olmsted. fujinon premista 1 9 - 4 5 mm t 2. 9. portra 8 0 0. 
137,cottage core,https://lexica-serve-encoded-images.sharif.workers.dev/md/b95676a1-4685-457c-a4e1-8f5d26a687b8,"a beautiful concept cottage designed for cozy, curves!!, natural contour aesthetics!!, energy efficiency and maximizing plants and greenery, golden light, high resolution, professional "
138,cottage core,https://lexica-serve-encoded-images.sharif.workers.dev/md/bab808fa-8348-4130-8aac-24b40ed8794d,"the small house in the forest, dark night, leaves in the air, mushrooms, animals, gibli, james gilleard, atey ghailan, lois van baarle, jesper ejsing, pop art patterns, exquisite lighting, clear focus, very coherent, plain background, very detailed, vibrant, digital painting "
139,cottage core,https://lexica-serve-encoded-images.sharif.workers.dev/md/bdd7e794-c50d-4ecd-9c3e-2ef51d778fd4,"a colored ink illustration of a humble cottage, drawn on white parchment paper, vibe, atmosphere, detailed, muted colors, by greg rutowski and ryan berkley "
140,cottage core,https://lexica-serve-encoded-images.sharif.workers.dev/md/befc5222-7098-4177-922f-29328737f9b4,"atmospheric photorealistic render of a small cabin next to a lake inside a dark cave, made in minecraft, rendered in blender with pixar renderman, trending on artstation, 4 k "
141,cottage core,https://lexica-serve-encoded-images.sharif.workers.dev/md/c808a527-a271-4715-af53-abf21024534b,photograph of a fantasy style woodland mansion in an ancient forest
142,cottage core,https://lexica-serve-encoded-images.sharif.workers.dev/md/d0011e89-fc66-4e47-a543-0beaab88b51c,"fantasy house, house shaped like a bear sleeping "
143,cottage core,https://lexica-serve-encoded-images.sharif.workers.dev/md/d126930d-a32e-435a-a609-3e27d6e49d7a,house in carpathian vernacular style. outdoor landscaping designed by frederick law olmsted. fujinon premista 1 9 - 4 5 mm t 2. 9. portra 8 0 0. 
144,cottage core,https://lexica-serve-encoded-images.sharif.workers.dev/md/d13558c0-c305-4b2c-9ca8-aadad3849815,"water color on paper, cabin in the woods, highly detailed, artstation, masterpiece, award - winning, "
145,cottage core,https://lexica-serve-encoded-images.sharif.workers.dev/md/dcb7ac43-30ad-4eda-bc78-49e1356caab5,"of a beautiful Hyperrealistic log cabin with smoke from chimney in the middle of the forest, macro lens, highly detailed, digital painting, trending artstation, concept art, illustration, cinematic lighting, vibrant colors, photorealism, epic, octane render"
146,cottage core,https://lexica-serve-encoded-images.sharif.workers.dev/md/e0d135c7-839d-4d40-a84a-3245426f7dd3,"isometric view of a lovely cottage, plain background, cory loftis, james gilleard, atey ghailan, makoto shinkai, goro fujita, studio ghibli, exquisite lighting, clear focus, very coherent, soft painting "
147,cottage core,https://lexica-serve-encoded-images.sharif.workers.dev/md/e8f9ae6d-367d-4c45-891e-528486b6f14d,"Stunning cottage, solar, lush, forest, beautiful, by Studio Ghibli and Michael Kincade, artstation"
148,cottage core,https://lexica-serve-encoded-images.sharif.workers.dev/md/f24fd805-97da-4a93-bc75-bdedc3411252,"idyllic cottage, 1950s, by Asher Durand. solar power, intricate artwork, octane render, cinematic, hyper realism, golden hour, octane render, 8k, depth of field, bokeh. iridescent accents. vibrant."
149,cottage core,https://lexica-serve-encoded-images.sharif.workers.dev/md/f698a057-76d7-4196-a77b-3419981aa199,"a high flash photo of a suburban home from the street during winter, 2 0 0 6, taken with a disposable camera "
150,water colors,https://lexica-serve-encoded-images.sharif.workers.dev/md/10f510b9-fd52-492c-a560-50d74dd4cb9e,gigantic watercolor brush 
151,water colors,https://lexica-serve-encoded-images.sharif.workers.dev/md/128df0c8-a061-4175-a350-54059272ee22,"volcanic hot springs pool in the mountains, watercolor painting "
152,water colors,https://lexica-serve-encoded-images.sharif.workers.dev/md/14ff1629-c3e5-4e4d-98ca-74bc0e166c9f,watercolor painting 
153,water colors,https://lexica-serve-encoded-images.sharif.workers.dev/md/18bc8755-bf9a-49ef-b414-df4409726e4f,"water color on paper, rainbow explosions, highly detailed, artstation, masterpiece, award - winning, "
154,water colors,https://lexica-serve-encoded-images.sharif.workers.dev/md/1b5c0ed6-4d0c-4184-a693-0380b71f54d6,"water color on paper, master painter painting a mural, highly detailed, artstation, masterpiece, award - winning, "
155,water colors,https://lexica-serve-encoded-images.sharif.workers.dev/md/1d8bd68d-73a2-4770-b55d-dfe3911a8f28,a girl with the ice cream watercolor colored pencil painting trending on artstation 
156,water colors,https://lexica-serve-encoded-images.sharif.workers.dev/md/24fa4106-54d4-450d-a701-1826f24903aa,acrylic paint cells
157,water colors,https://lexica-serve-encoded-images.sharif.workers.dev/md/26f25bf8-059b-4942-acca-dc4b4ab26295,"water color on paper, rainbow explosions, highly detailed, artstation, masterpiece, award - winning, "
158,water colors,https://lexica-serve-encoded-images.sharif.workers.dev/md/2f6ca587-d979-4b28-937f-c2c390d36551,"a closeup of a purple potion in a round bottle on a messy desk. by makoto shinkai, stanley artgerm lau, wlop, rossdraws, james jean, andrei riabovitchev, marc simonetti, krenz cushart, sakimichan, d & d trending on artstation, digital art "
159,water colors,https://lexica-serve-encoded-images.sharif.workers.dev/md/3083c958-5f07-4e96-b030-88cd0c814213,river summer watercolor pen light color on artstation 
160,water colors,https://lexica-serve-encoded-images.sharif.workers.dev/md/33184690-4b64-455f-b660-875184f3c3b3,watercolor art
161,water colors,https://lexica-serve-encoded-images.sharif.workers.dev/md/341ff6de-0b7f-4949-adae-10ccb383c9c0,landscape watercolor prints 
162,water colors,https://lexica-serve-encoded-images.sharif.workers.dev/md/35d8249a-2fb4-4177-a80d-9a1593c2966c,alpine lake. bautiful sunrise. watercolor. trending on artstation 
163,water colors,https://lexica-serve-encoded-images.sharif.workers.dev/md/4078fc7c-283b-4200-ac7b-b26cf71b20c4,digital background of dripping watercolor paint by georgia o keeffe 
164,water colors,https://lexica-serve-encoded-images.sharif.workers.dev/md/428a32dc-95f2-4151-9c5b-aafe28a902b4,watercolor painting 
165,water colors,https://lexica-serve-encoded-images.sharif.workers.dev/md/4d0cca78-b323-46f6-aeb0-3f40ab445a35,alpine lake. bautiful sunrise. watercolor. trending on artstation 
166,water colors,https://lexica-serve-encoded-images.sharif.workers.dev/md/546d4797-34d6-4b61-bdb6-022e1f1b9578,river summer watercolor pen light color on artstation 
167,water colors,https://lexica-serve-encoded-images.sharif.workers.dev/md/58356ba6-09dc-4de9-b20e-3e52451363b1,watercolor painting 
168,water colors,https://lexica-serve-encoded-images.sharif.workers.dev/md/5e800185-a6db-4499-9aaf-396490b0270e,"airbrush of broken jar of swirling ink on a desk, dramatic afternoon lighting, intense watercolor, heavy metal, by moebius "
169,water colors,https://lexica-serve-encoded-images.sharif.workers.dev/md/61b771a6-46ff-4a4e-a650-2879bdfaa8e6,"Gold and cyan landscape, watercolors"
170,water colors,https://lexica-serve-encoded-images.sharif.workers.dev/md/6dd8dcec-a46a-4a9c-b6e3-76f181abe464,An artstation watercolour and ink in the style of 4k dslr f/1.4 on r/imaginaryskyscapes
171,water colors,https://lexica-serve-encoded-images.sharif.workers.dev/md/6e3b83f3-d141-47b7-b1b6-914a380ca87c,watercolour wodoo people 
172,water colors,https://lexica-serve-encoded-images.sharif.workers.dev/md/842187b2-2e64-4a05-825d-97edd73076e6,"water color art on paper,, highly detailed, artstation, masterpiece, award - winning, "
173,water colors,https://lexica-serve-encoded-images.sharif.workers.dev/md/86fdd33e-0c4b-4118-bb46-2d7d3fdafc30,a beautiful watercolor painting of a beautiful ocean with peaceful fluffy clouds in the sky 
174,water colors,https://lexica-serve-encoded-images.sharif.workers.dev/md/90fdf1fe-281a-4c7b-b583-77a11cc8809e,infinitely deep painting
175,water colors,https://lexica-serve-encoded-images.sharif.workers.dev/md/9805ca7d-78a4-4a1d-a469-9231179cb4e9,"watercolor art on paper, aquarius, highly detailed, artstation, masterpiece, award - winning "
176,water colors,https://lexica-serve-encoded-images.sharif.workers.dev/md/98225989-ca81-4074-9ac4-7b1ce81ea2de,gigantic watercolor brush 
177,water colors,https://lexica-serve-encoded-images.sharif.workers.dev/md/98d264ce-0927-4c61-9e98-0c827fdbc742,"water color on paper, rainbow explosions, highly detailed, artstation, masterpiece, award - winning, "
178,water colors,https://lexica-serve-encoded-images.sharif.workers.dev/md/a00b2bdb-3f56-4c1a-848d-10e322d96b82,Splatter watercolor drawing of the hourglass of time
179,water colors,https://lexica-serve-encoded-images.sharif.workers.dev/md/a0bf4749-e239-4f33-96cc-33d19106da23,"abstract watercolor impressionism, japanese silk screen by utaga yoshiiku, pics of contest winner, neon "
180,water colors,https://lexica-serve-encoded-images.sharif.workers.dev/md/b47b12e2-f325-452f-a937-7dfc0fb0cf30,"aqua to blue ombre, watercolor, wash, light, grainy "
181,water colors,https://lexica-serve-encoded-images.sharif.workers.dev/md/b4d2ea6a-9dad-49a8-8edd-29b1e338efa8,"muted color ( ( ( ( ( ( ( ( ( ( ( ( ( loose loose watercolor of flowers painterly, granular splatter dripping. very muted colors. ) ) ) ) ) ) ) ) ) ) ) ) ) by jean - baptiste monge!!!!!!!!!!!!!!!!!!!!!!!!!!!!!! "
182,water colors,https://lexica-serve-encoded-images.sharif.workers.dev/md/b556ccd2-abdc-45d8-8ac4-086c8efea012,"bridge over a river , angular, splotches, soft outlines, high contrast, muted colours"
183,water colors,https://lexica-serve-encoded-images.sharif.workers.dev/md/b5c7f2a1-00db-416f-bab7-99baac195b0e,watercolor 
184,water colors,https://lexica-serve-encoded-images.sharif.workers.dev/md/b8aad652-9544-4446-8864-090d1532b755,water color art raise the bar
185,water colors,https://lexica-serve-encoded-images.sharif.workers.dev/md/bb508e03-8ae6-4868-bd21-53867dcc643d,watercolor art
186,water colors,https://lexica-serve-encoded-images.sharif.workers.dev/md/cb23e854-06c7-46e6-85e6-da0a02a2fe3d,landscape watercolor prints 
187,water colors,https://lexica-serve-encoded-images.sharif.workers.dev/md/cce11b7b-f2f9-443b-99fe-7ac5d96bfa1d,river summer watercolor pen light color on artstation 
188,water colors,https://lexica-serve-encoded-images.sharif.workers.dev/md/d2b4e491-73c1-454b-a5e5-4022caa9f769,"water color on paper, rainbow explosions, highly detailed, artstation, masterpiece, award - winning, "
189,water colors,https://lexica-serve-encoded-images.sharif.workers.dev/md/dd40f021-fd2a-486f-8dfa-ef5266c5ae08,"water color on paper, master painter painting a mural, highly detailed, artstation, masterpiece, award - winning, "
190,water colors,https://lexica-serve-encoded-images.sharif.workers.dev/md/dd868e63-9600-41c7-ba78-1b2f325a5a37,"random dramatic beautiful melancholy, watercolor - n 9 "
191,water colors,https://lexica-serve-encoded-images.sharif.workers.dev/md/dff89780-886c-442c-9a8d-4c363503d2dc,"Beautiful happy picturesque charming sci-fi town in harmony with nature. Beautiful light. Water and plants. Nice colour scheme, soft warm colour. Beautiful detailed artistic watercolor by Olivia. (2022)"
192,water colors,https://lexica-serve-encoded-images.sharif.workers.dev/md/dffb0b12-15d0-4658-a839-7082a62482e9,"sexy lacivious little smile sophia vergara by agnes cecile enki bilal moebius, intricated details, 3 / 4 back view, hair styled in a bun, bend over posture, full body portrait, extremely luminous bright design, pastel colours, drips, autumn lights "
193,water colors,https://lexica-serve-encoded-images.sharif.workers.dev/md/e118b7ee-7057-4ba7-877c-4653cbb66588,west lake summer watercolor pen light color trending on artstation 
194,water colors,https://lexica-serve-encoded-images.sharif.workers.dev/md/e2049b30-084a-4124-9a48-0f7e6e507360,"abstract painting made by brahms, watercolor, hyper realistic, 8 k, "
195,water colors,https://lexica-serve-encoded-images.sharif.workers.dev/md/e6478b7a-f28c-4bfe-ad39-58c95f1b5898,"airbrush of sealed jar of swirling ink shimmering on a desk in space near jellyfish, dramatic afternoon lighting, intense watercolor, heavy metal, by moebius "
196,water colors,https://lexica-serve-encoded-images.sharif.workers.dev/md/e909b138-eeeb-49f0-88a3-af9434add5b5,beautiful digital watercolor painting of fantasy drip and dripping watercolor 
197,water colors,https://lexica-serve-encoded-images.sharif.workers.dev/md/f8da43ae-13bd-457c-8b8c-bb9540bc57b2,"river, mountains, beautiful trees, watercolor painting "
198,water colors,https://lexica-serve-encoded-images.sharif.workers.dev/md/fc3258da-d652-466c-a709-1ac6abc23a44,atlantide at sunrise. watercolor. trending on artstation. 
199,water colors,https://lexica-serve-encoded-images.sharif.workers.dev/md/fe089b91-d242-4020-991d-f8cf11f51725,"watercolor art on paper, aquarius, highly detailed, artstation, masterpiece, award - winning "
200,steampunk,https://lexica-serve-encoded-images.sharif.workers.dev/md/0373046e-4d6a-47b6-af0f-1cfdde17d929,(((((1950s steampunk cover art . muted colors.))))) by Jean-Baptiste Monge !!!!!!!!!!!!!!!!!!!!!!!!!!!
201,steampunk,https://lexica-serve-encoded-images.sharif.workers.dev/md/0409f309-77ff-4b24-a145-1129289656d4,"steampunk robot fly, 3 d model, unreal engine realistic render, 8 k, micro detail, intricate, elegant, highly detailed, centered, digital painting, artstation, smooth, sharp focus, illustration, artgerm, tomasz alen kopera, peter mohrbacher, donato giancola, joseph christian leyendecker, wlop, boris vallejo "
202,steampunk,https://lexica-serve-encoded-images.sharif.workers.dev/md/043c78f1-17c8-4a3b-bae6-2be9504d3d7b,lofi steampunk portrait pixar style by Jonathan Yeo and Tom Bagshaw and Joe Fenton
203,steampunk,https://lexica-serve-encoded-images.sharif.workers.dev/md/090ec3a8-7b11-4cc0-bee7-070516cceb97,photograph of a beautiful steampunk warrior. extremely detailed. dslr. 5 0 mm. 
204,steampunk,https://lexica-serve-encoded-images.sharif.workers.dev/md/0937c937-9742-4a35-920f-693df8ab1b71,portrait photograph of a real-life beautiful female steampunk soldier.  Extremely detailed. 8k
205,steampunk,https://lexica-serve-encoded-images.sharif.workers.dev/md/1502f1a1-81e4-4c89-9cf0-ae02735a2b03,"steampunk man, bioluminescent, highly detailed, digital painting, cinematic lighting, hyperrealism, dark retrowave, art by stanley lau and artgerm and magali villeneuve and alphonse mucha, artstation hd, octane render, cgsociety "
206,steampunk,https://lexica-serve-encoded-images.sharif.workers.dev/md/1ec7ea80-cc7b-4e77-9f3c-54ffce0fb129,full body portrait photograph of a margot robbie as a steampunk warrior.  Extremely detailed. 8k
207,steampunk,https://lexica-serve-encoded-images.sharif.workers.dev/md/25051c8e-74f1-4bc7-ba7d-2b9f213ec121,"steampunk princess, insanely detailed photo"
208,steampunk,https://lexica-serve-encoded-images.sharif.workers.dev/md/291b427a-86e4-42f6-9d91-0ff98ab80ded,"high sneaker concept art, steampunk, sharp focus, illustration, concept art by tooth wu "
209,steampunk,https://lexica-serve-encoded-images.sharif.workers.dev/md/2b848cc8-0aee-43c6-a3a3-ae6e6e599b09,"steampunk helmet fantasy art mask robot ninja stylized digital illustration sharp focus, elegant intricate digital painting artstation concept art global illumination ray tracing advanced technology chaykin howard and campionpascale and cooke darwyn and davis jack "
210,steampunk,https://lexica-serve-encoded-images.sharif.workers.dev/md/325bf196-3828-418b-a8ab-e2d601cd7b2b,"steampunk cybernetic biomechanical fly with wings, 3 d model, very coherent symmetrical artwork, unreal engine realistic render, 8 k, micro detail, intricate, elegant, highly detailed, centered, digital painting, artstation, smooth, sharp focus, illustration, artgerm, tomasz alen kopera, wlop "
211,steampunk,https://lexica-serve-encoded-images.sharif.workers.dev/md/3ba4b618-9573-4eb1-86e2-0ec982829c2c,"steampunk bioshock jeff bezos is a muscular bodybuilder, au naturel, hyper detailed, digital art, trending in artstation, cinematic lighting, studio quality, smooth render, unreal engine 5 rendered, octane rendered, art style by klimt and nixeu and ian sprigger and wlop and krenz cushart. "
212,steampunk,https://lexica-serve-encoded-images.sharif.workers.dev/md/3e19f755-ddbe-4ee7-a38d-34e86634dfec,photograph of a beautiful steampunk warrior. extremely detailed. dslr. 5 0 mm. 
213,steampunk,https://lexica-serve-encoded-images.sharif.workers.dev/md/4457548b-1e6b-4c99-8d39-fdae5aa5868c,photograph of a beautiful steampunk warrior. extremely detailed. dslr. 5 0 mm. 
214,steampunk,https://lexica-serve-encoded-images.sharif.workers.dev/md/4af066e1-1c7e-4015-8bf6-a2dfe9895135,"steampunk pirate tim cook, fantasy, d & d, intricate, detailed, by by alphonse mucha, adolfo hohenstein, alice russell glenny, stanley artgerm lau, greg rutkowski, detailed, trending on artstation, trending on artstation, smooth "
215,steampunk,https://lexica-serve-encoded-images.sharif.workers.dev/md/4d09eb06-b5de-401d-9d0e-0368fc66a71c,Lofi Steampunk portrait Pixar style by Joe Fenton and Stanley Artgerm and Tom Bagshaw
216,steampunk,https://lexica-serve-encoded-images.sharif.workers.dev/md/52ce6daf-da5e-4dbf-a575-e6fa8fa79c6c,"beautiful half human half steampunk cyborg portrait, steampunk, extremely detailed, lush, gears, pretty, cinematic lighting, epic, intense, long hair, brown eyes, cool, anime, "
217,steampunk,https://lexica-serve-encoded-images.sharif.workers.dev/md/5bba5eab-08da-4f50-aec6-a40ac7db6343,"Lofi steampunk portrait, Pixar style by Tristan Eaton and Stanley Artgerm and Tom Bagshaw and Tim Burton"
218,steampunk,https://lexica-serve-encoded-images.sharif.workers.dev/md/66c924db-94e7-4e81-beb6-b78f9b597a36,"full length photo of a steampunk warrior, 8 k, hdr, smooth, sharp focus, high resolution, award - winning photo "
219,steampunk,https://lexica-serve-encoded-images.sharif.workers.dev/md/6c7692d6-45a7-4939-9e1a-6d3e8dba5ae0,"full length photo of a very beautiful!! steampunk valkyrie, highly detailed, 4 k, hdr, smooth, sharp focus, high resolution, award - winning photo "
220,steampunk,https://lexica-serve-encoded-images.sharif.workers.dev/md/74cb7c67-ca93-4848-95e2-4bedb2714911,photograph of a beautiful steampunk warrior. extremely detailed. dslr. 5 0 mm. 
221,steampunk,https://lexica-serve-encoded-images.sharif.workers.dev/md/7a3ac160-59dc-4356-b36e-780a54bb079f,lofi steampunk portrait pixar style by Jonathan Yeo and Tom Bagshaw and Joe Fenton
222,steampunk,https://lexica-serve-encoded-images.sharif.workers.dev/md/858d5e36-1805-47e9-adbe-ff75bc2ae70a,"full body  photograph of kate upton as a steampunk warrior,  Extremely detailed. 8k"
223,steampunk,https://lexica-serve-encoded-images.sharif.workers.dev/md/8763cbab-5bbc-48fa-83dc-50b712f635c8,"steampunk scientist, portrait, medium shot, digital art, concept art, fantasy art, highly detailed, hd wallpaper, hdr, artstation, deviantart, behance"
224,steampunk,https://lexica-serve-encoded-images.sharif.workers.dev/md/8acaace8-c1b4-4f71-a8f0-ebb93c5f47b1,photograph of a beautiful steampunk warrior. extremely detailed. dslr. 5 0 mm. 
225,steampunk,https://lexica-serve-encoded-images.sharif.workers.dev/md/8b6ce221-163e-4646-8b94-3864c7b702ed,"steampunk scientist, portrait, medium shot, digital art, concept art, fantasy art, highly detailed, hd wallpaper, hdr, artstation, deviantart, behance"
226,steampunk,https://lexica-serve-encoded-images.sharif.workers.dev/md/8dd6d19b-2cba-4c10-9868-acc9db6d8bbf,portrait photograph of a real-life beautiful female steampunk soldier.  Extremely detailed. 8k
227,steampunk,https://lexica-serve-encoded-images.sharif.workers.dev/md/906963a8-4a57-4225-8a04-4e55824a9df6,"full body photograph of christina hendricks as a steampunk warrior, extremely detailed. dslr. 8 5 mm. "
228,steampunk,https://lexica-serve-encoded-images.sharif.workers.dev/md/9384257a-8213-4051-8d8d-f4e48e5740eb,professional full length photograph of a beautiful! female steampunk warrior.  Extremely detailed. 8k
229,steampunk,https://lexica-serve-encoded-images.sharif.workers.dev/md/9657631e-2caa-41cb-9e40-bf4fe78e2319,"steampunk warrior, 8 k, hdr, smooth, sharp focus, high resolution, award - winning photo "
230,steampunk,https://lexica-serve-encoded-images.sharif.workers.dev/md/a58fc706-93aa-45cb-8ab0-cf2c0cfe7993,full body  photograph of kat dennings as a  steampunk pirate.  Extremely detailed. 8k
231,steampunk,https://lexica-serve-encoded-images.sharif.workers.dev/md/abfef24d-824f-4d6b-ba09-3f6d3373de08,"steampunk warrior, 8 k, hdr, smooth, sharp focus, high resolution, award - winning photo "
232,steampunk,https://lexica-serve-encoded-images.sharif.workers.dev/md/af3d6758-7fcd-44b2-925a-f2cb49874b0a,full body photograph of christina hendricks as a steampunk warrior. extremely detailed. dslr. 8 5 mm. 
233,steampunk,https://lexica-serve-encoded-images.sharif.workers.dev/md/b787ac14-3a59-4383-8b8d-4e34f3f66f02,"epic portrait of man scientist, victorian, dieselpunk, insanely detailed, intricate, metal brass and copper and leather details, rivets, cinematic lighting, photoreal, by billelis and giger "
234,steampunk,https://lexica-serve-encoded-images.sharif.workers.dev/md/bce84e8f-6a0a-4a8a-ba93-494a21c222cf,professional full length photograph of a beautiful! female steampunk warrior.  Extremely detailed. 8k
235,steampunk,https://lexica-serve-encoded-images.sharif.workers.dev/md/bf24007d-2587-4eb8-a1c5-f43708cad3bf,professional photograph of a  beautiful! female steampunk warrior.  Extremely detailed. 8k
236,steampunk,https://lexica-serve-encoded-images.sharif.workers.dev/md/c0609b90-1f35-4af1-8755-7dba21b01c80,full length photograph of a beautiful steampunk warrior. extremely detailed. dslr. 5 0 mm. 
237,steampunk,https://lexica-serve-encoded-images.sharif.workers.dev/md/c44e7cae-a392-4a19-8d59-5dccf9005281,"steampunk cybernetic biomechanical fly with wings, 3 d model, unreal engine realistic render, 8 k, micro detail, intricate, elegant, highly detailed, centered, digital painting, artstation, smooth, sharp focus, illustration, artgerm, tomasz alen kopera, wlop "
238,steampunk,https://lexica-serve-encoded-images.sharif.workers.dev/md/c717b058-9e8b-4721-8920-495eb74d732a,lofi steampunk portrait pixar style by Joe Fenton and Jonathan Yeo and Tom Bagshaw
239,steampunk,https://lexica-serve-encoded-images.sharif.workers.dev/md/d3ef4631-7d1b-4e9d-95a9-7d0b161676c0,steampunk brotherhood of steel 
240,steampunk,https://lexica-serve-encoded-images.sharif.workers.dev/md/d4013905-1260-4e78-a6e7-df7e8b475c41,"steampunk scientist, portrait, medium shot, digital art, concept art, fantasy art, highly detailed, hd wallpaper, hdr, artstation, deviantart, behance"
241,steampunk,https://lexica-serve-encoded-images.sharif.workers.dev/md/d85a771d-15af-49b1-b5b2-7ccd72ac6254,portrait photograph of a real-life beautiful female steampunk soldier.  Extremely detailed. 8k
242,steampunk,https://lexica-serve-encoded-images.sharif.workers.dev/md/dbbb0949-869a-405b-ae12-21ac704d81af,full body photograph of kate upton as a steampunk warrior. extremely detailed. dslr. 3 5 mm. 
243,steampunk,https://lexica-serve-encoded-images.sharif.workers.dev/md/dfcde6d2-8fed-401c-be30-99b9b11a3477,"steampunk scientist, portrait, medium shot, digital art, concept art, fantasy art, highly detailed, hd wallpaper, hdr, artstation, deviantart, behance"
244,steampunk,https://lexica-serve-encoded-images.sharif.workers.dev/md/e0935bc0-2793-433f-b9eb-4abc736fa8c6,"beautiful half human half steampunk cyborg portrait, steampunk, extremely detailed, lush, gears, pretty, cinematic lighting, epic, intense, long hair, brown eyes, cool, "
245,steampunk,https://lexica-serve-encoded-images.sharif.workers.dev/md/f0e514ca-abd0-4c6e-b93c-e06f6d20679f,full body  photograph of kate upton as a steampunk pirates.  Extremely detailed. 8k
246,steampunk,https://lexica-serve-encoded-images.sharif.workers.dev/md/f22d503e-0833-4024-84ca-afbbd40c5b22,"steampunk helmet fantasy art mask robot ninja stylized digital illustration sharp focus, elegant intricate digital painting artstation concept art global illumination ray tracing advanced technology chaykin howard and campionpascale and cooke darwyn and davis jack "
247,steampunk,https://lexica-serve-encoded-images.sharif.workers.dev/md/f49c5070-f21b-499a-a5eb-23cf9aa70f6e,"machine, steampunk, edo style, lilia alvarado, highly detailed, digital painting, smooth, sharp focus "
248,steampunk,https://lexica-serve-encoded-images.sharif.workers.dev/md/fb2b5a6b-8da9-456a-9f67-83688a588ce5,full body photograph of kate upton as a steampunk warrior. extremely detailed. dslr. 3 5 mm. 
249,steampunk,https://lexica-serve-encoded-images.sharif.workers.dev/md/fd6178c4-6cdb-4abb-85ac-77c546aa9faf,"an extremely complex and advanced steampunk cellphone from the 1920s, extreme plus resolution fantasy concept art, intricate details to everything visible, sharp lighting, Dramatic light by denis villeneuve, strong emphasis on alphonse mucha, Makoto Shinkai"
